what,kind,bundleId,bundleVersion,description,time
java.vm.version,sysinfo,,,"19.0-b09",1383541268131
activated,view,org.eclipse.ui.navigator.resources,3.4.201.M20100707-0800,"org.eclipse.ui.navigator.ProjectExplorer",1383541272041
opened,editor,org.eclipse.ui.editors,3.6.1.r361_v20100825-0800,"org.eclipse.ui.DefaultTextEditor",1383541274167
activated,editor,org.eclipse.ui.editors,3.6.1.r361_v20100825-0800,"org.eclipse.ui.DefaultTextEditor",1383541274211
deactivated,workbench,org.eclipse.ui.workbench,3.6.1.M20100826-1330,"",1383541280858
activated,workbench,org.eclipse.ui.workbench,3.6.1.M20100826-1330,"",1383541283278
started,bundle,com.altera.sbtgui.core,11.0.0.208,"com.altera.sbtgui.core",1383541285573
executed,command,org.eclipse.ui,3.6.1.M20100826-1330,"org.eclipse.ui.file.save",1383541285579
activated,view,org.eclipse.ui.navigator.resources,3.4.201.M20100707-0800,"org.eclipse.ui.navigator.ProjectExplorer",1383541288213
started,bundle,org.eclipse.compare,3.5.100.I20100526-0800,"org.eclipse.compare",1383541288380
started,bundle,org.eclipse.debug.ui,3.6.1.v20100901_r361,"org.eclipse.debug.ui",1383541289094
started,bundle,org.eclipse.cdt.debug.core,7.0.0.201009141542,"org.eclipse.cdt.debug.core",1383541289124
started,bundle,org.eclipse.cdt.debug.ui,7.0.0.201009141542,"org.eclipse.cdt.debug.ui",1383541289127
opened,view,org.eclipse.ui.console,3.5.0.v20100526,"org.eclipse.ui.console.ConsoleView",1383541292720
deactivated,workbench,org.eclipse.ui.workbench,3.6.1.M20100826-1330,"",1383541292735
started,bundle,org.eclipse.cdt.dsf.gdb.ui,2.1.0.201009141542,"org.eclipse.cdt.dsf.gdb.ui",1383541292771
activated,workbench,org.eclipse.ui.workbench,3.6.1.M20100826-1330,"",1383541295726
activated,editor,org.eclipse.cdt.ui,5.2.1.201009141542,"org.eclipse.cdt.ui.editor.CEditor",1383541299629
activated,view,org.eclipse.ui.navigator.resources,3.4.201.M20100707-0800,"org.eclipse.ui.navigator.ProjectExplorer",1383541301673
activated,editor,org.eclipse.cdt.ui,5.2.1.201009141542,"org.eclipse.cdt.ui.editor.CEditor",1383541303460
executed,command,org.eclipse.ui.ide,3.6.1.M20100825-0800,"org.eclipse.ui.project.buildAll",1383541309835
deactivated,workbench,org.eclipse.ui.workbench,3.6.1.M20100826-1330,"",1383541310103
activated,workbench,org.eclipse.ui.workbench,3.6.1.M20100826-1330,"",1383541352773
started,bundle,org.eclipse.cdt.launch,6.1.0.201009141542,"org.eclipse.cdt.launch",1383541355420
started,bundle,org.eclipse.cdt.dsf,2.1.0.201009141542,"org.eclipse.cdt.dsf",1383541357204
started,bundle,org.eclipse.cdt.dsf.gdb,3.0.0.201009141542,"org.eclipse.cdt.dsf.gdb",1383541357205
deactivated,workbench,org.eclipse.ui.workbench,3.6.1.M20100826-1330,"",1383541358040
opened,view,com.altera.sbtgui.launch,11.0.0.208,"com.altera.sbtgui.launch.hardware.ByteStreamConsoleView",1383541360123
started,bundle,org.eclipse.cdt.debug.mi.ui,6.1.0.201009141542,"org.eclipse.cdt.debug.mi.ui",1383541360444
started,bundle,org.eclipse.cdt.debug.mi.core,7.0.1.201009141542,"org.eclipse.cdt.debug.mi.core",1383541360453
activated,workbench,org.eclipse.ui.workbench,3.6.1.M20100826-1330,"",1383541502866
activated,view,com.altera.sbtgui.launch,11.0.0.208,"com.altera.sbtgui.launch.hardware.ByteStreamConsoleView",1383541504434
deactivated,workbench,org.eclipse.ui.workbench,3.6.1.M20100826-1330,"",1383541512028
activated,workbench,org.eclipse.ui.workbench,3.6.1.M20100826-1330,"",1383541512922
started,bundle,org.eclipse.cdt.mylyn.ui,1.1.3.v20100909-0100-e3x,"org.eclipse.cdt.mylyn.ui",1383541512984
closed,workbench,org.eclipse.ui.workbench,3.6.1.M20100826-1330,"",1383541513325
stopped,bundle,org.eclipse.cdt.debug.mi.ui,6.1.0.201009141542,"org.eclipse.cdt.debug.mi.ui",1383541513495
stopped,bundle,com.altera.debug.cdi.gdb.plugin,11.0.0.208,"com.altera.debug.cdi.gdb.plugin",1383541513495
stopped,bundle,com.altera.sbtgui.launch,11.0.0.208,"com.altera.sbtgui.launch",1383541513495
stopped,bundle,org.eclipse.cdt.debug.mi.core,7.0.1.201009141542,"org.eclipse.cdt.debug.mi.core",1383541513495
stopped,bundle,org.eclipse.cdt.debug.ui.memory.memorybrowser,1.2.0.201009141542,"org.eclipse.cdt.debug.ui.memory.memorybrowser",1383541513497
stopped,bundle,org.eclipse.cdt.debug.ui.memory.search,1.2.0.201009141542,"org.eclipse.cdt.debug.ui.memory.search",1383541513498
stopped,bundle,org.eclipse.cdt.dsf.gdb.ui,2.1.0.201009141542,"org.eclipse.cdt.dsf.gdb.ui",1383541513498
stopped,bundle,org.eclipse.cdt.dsf.ui,2.1.1.201009141542,"org.eclipse.cdt.dsf.ui",1383541513500
stopped,bundle,org.eclipse.cdt.gdb.ui,7.0.0.201009141542,"org.eclipse.cdt.gdb.ui",1383541513501
stopped,bundle,org.eclipse.cdt.dsf.gdb,3.0.0.201009141542,"org.eclipse.cdt.dsf.gdb",1383541513501
stopped,bundle,com.altera.sbtgui.ui,11.0.0.208,"com.altera.sbtgui.ui",1383541513501
stopped,bundle,com.altera.sbtgui.project,11.0.0.208,"com.altera.sbtgui.project",1383541513502
stopped,bundle,org.eclipse.cdt.launch,6.1.0.201009141542,"org.eclipse.cdt.launch",1383541513502
stopped,bundle,org.eclipse.cdt.debug.ui,7.0.0.201009141542,"org.eclipse.cdt.debug.ui",1383541513502
stopped,bundle,org.eclipse.cdt.debug.ui.memory.traditional,1.2.0.201009141542,"org.eclipse.cdt.debug.ui.memory.traditional",1383541513503
stopped,bundle,org.eclipse.cdt.dsf,2.1.0.201009141542,"org.eclipse.cdt.dsf",1383541513503
stopped,bundle,org.eclipse.cdt.debug.core,7.0.0.201009141542,"org.eclipse.cdt.debug.core",1383541513503
stopped,bundle,org.eclipse.cdt.managedbuilder.ui,7.0.0.201009141542,"org.eclipse.cdt.managedbuilder.ui",1383541513506
stopped,bundle,org.eclipse.cdt.make.ui,7.0.0.201009141542,"org.eclipse.cdt.make.ui",1383541513506
stopped,bundle,org.eclipse.cdt.managedbuilder.gnu.ui,7.0.0.201009141542,"org.eclipse.cdt.managedbuilder.gnu.ui",1383541513506
stopped,bundle,org.eclipse.cdt.managedbuilder.core,7.0.1.201009141542,"org.eclipse.cdt.managedbuilder.core",1383541513506
stopped,bundle,org.eclipse.cdt.make.core,7.0.0.201009141542,"org.eclipse.cdt.make.core",1383541513506
stopped,bundle,org.eclipse.cdt.mylyn.ui,1.1.3.v20100909-0100-e3x,"org.eclipse.cdt.mylyn.ui",1383541513506
stopped,bundle,com.altera.sbtgui.flash.plugin,11.0.0.208,"com.altera.sbtgui.flash.plugin",1383541513507
stopped,bundle,com.altera.sbtgui.gprof,11.0.0.208,"com.altera.sbtgui.gprof",1383541513508
stopped,bundle,com.altera.sbtgui.core,11.0.0.208,"com.altera.sbtgui.core",1383541513508
stopped,bundle,org.eclipse.cdt.ui,5.2.1.201009141542,"org.eclipse.cdt.ui",1383541513508
stopped,bundle,org.eclipse.cdt.core,5.2.1.201009141542,"org.eclipse.cdt.core",1383541513508
stopped,bundle,org.eclipse.compare.win32,1.0.100.I20100505-1245,"org.eclipse.compare.win32",1383541513510
stopped,bundle,org.eclipse.equinox.p2.ui.sdk,1.0.100.v20100513,"org.eclipse.equinox.p2.ui.sdk",1383541513511
stopped,bundle,org.eclipse.search,3.6.0.v20100520-0800,"org.eclipse.search",1383541513511
stopped,bundle,org.eclipse.mylyn.team.ui,3.4.2.v20100909-0100-e3x,"org.eclipse.mylyn.team.ui",1383541513511
stopped,bundle,org.eclipse.ui.navigator.resources,3.4.201.M20100707-0800,"org.eclipse.ui.navigator.resources",1383541513511
stopped,bundle,org.eclipse.ltk.ui.refactoring,3.5.0.v20100526-0800,"org.eclipse.ltk.ui.refactoring",1383541513511
stopped,bundle,org.eclipse.mylyn.bugzilla.ui,3.4.2.v20100909-0100-e3x,"org.eclipse.mylyn.bugzilla.ui",1383541513511
stopped,bundle,org.eclipse.mylyn.ide.ui,3.4.0.v20100608-0100-e3x,"org.eclipse.mylyn.ide.ui",1383541513512
stopped,bundle,org.eclipse.mylyn.resources.ui,3.4.1.v20100909-0100-e3x,"org.eclipse.mylyn.resources.ui",1383541513513
activated,perspective,com.altera.sbtgui.ui,,"com.altera.sbtgui.ui.cPerspective",1383927614531
started,bundle,org.eclipse.osgi,3.6.1.R36x_v20100806,"org.eclipse.osgi",1383927614532
started,bundle,org.eclipse.equinox.simpleconfigurator,1.0.200.v20100503,"org.eclipse.equinox.simpleconfigurator",1383927614533
started,bundle,com.ibm.icu,4.2.1.v20100412,"com.ibm.icu",1383927614533
started,bundle,org.eclipse.cdt.core,5.2.1.201009141542,"org.eclipse.cdt.core",1383927614534
started,bundle,org.eclipse.cdt.make.core,7.0.0.201009141542,"org.eclipse.cdt.make.core",1383927614535
started,bundle,org.eclipse.cdt.make.ui,7.0.0.201009141542,"org.eclipse.cdt.make.ui",1383927614543
started,bundle,org.eclipse.cdt.managedbuilder.core,7.0.1.201009141542,"org.eclipse.cdt.managedbuilder.core",1383927614544
started,bundle,org.eclipse.cdt.ui,5.2.1.201009141542,"org.eclipse.cdt.ui",1383927614546
started,bundle,org.eclipse.core.contenttype,3.4.100.v20100505-1235,"org.eclipse.core.contenttype",1383927614546
started,bundle,org.eclipse.core.databinding.observable,1.3.0.I20100601-0800,"org.eclipse.core.databinding.observable",1383927614547
started,bundle,org.eclipse.core.expressions,3.4.200.v20100505,"org.eclipse.core.expressions",1383927614547
started,bundle,org.eclipse.core.filebuffers,3.5.100.v20100520-0800,"org.eclipse.core.filebuffers",1383927614548
started,bundle,org.eclipse.core.filesystem,1.3.1.R36x_v20100727-0745,"org.eclipse.core.filesystem",1383927614548
started,bundle,org.eclipse.core.jobs,3.5.1.R36x_v20100824,"org.eclipse.core.jobs",1383927614549
started,bundle,org.eclipse.core.net,1.2.100.I20100511-0800,"org.eclipse.core.net",1383927614549
started,bundle,org.eclipse.core.resources,3.6.0.R36x_v20100825-0600,"org.eclipse.core.resources",1383927614550
started,bundle,org.eclipse.core.runtime,3.6.0.v20100505,"org.eclipse.core.runtime",1383927614550
started,bundle,org.eclipse.core.runtime.compatibility,3.2.100.v20100505,"org.eclipse.core.runtime.compatibility",1383927614551
started,bundle,org.eclipse.core.runtime.compatibility.auth,3.2.200.v20100517,"org.eclipse.core.runtime.compatibility.auth",1383927614551
started,bundle,org.eclipse.debug.core,3.6.0.v20100519,"org.eclipse.debug.core",1383927614552
started,bundle,org.eclipse.epp.usagedata.gathering,1.3.0.R201005261100,"org.eclipse.epp.usagedata.gathering",1383927614552
started,bundle,org.eclipse.epp.usagedata.recording,1.3.0.R201005261100,"org.eclipse.epp.usagedata.recording",1383927614553
started,bundle,org.eclipse.equinox.app,1.3.1.R36x_v20100803,"org.eclipse.equinox.app",1383927614553
started,bundle,org.eclipse.equinox.common,3.6.0.v20100503,"org.eclipse.equinox.common",1383927614554
started,bundle,org.eclipse.equinox.ds,1.2.1.R36x_v20100803,"org.eclipse.equinox.ds",1383927614554
started,bundle,org.eclipse.equinox.event,1.2.0.v20100503,"org.eclipse.equinox.event",1383927614555
started,bundle,org.eclipse.equinox.p2.core,2.0.2.R36x_v20100804,"org.eclipse.equinox.p2.core",1383927614555
started,bundle,org.eclipse.equinox.p2.directorywatcher,1.0.202.R36x_v20100727,"org.eclipse.equinox.p2.directorywatcher",1383927614556
started,bundle,org.eclipse.equinox.p2.engine,2.0.0.v20100606,"org.eclipse.equinox.p2.engine",1383927614556
started,bundle,org.eclipse.equinox.p2.metadata,2.0.0.v20100601,"org.eclipse.equinox.p2.metadata",1383927614556
started,bundle,org.eclipse.equinox.p2.metadata.repository,1.1.0.v20100513,"org.eclipse.equinox.p2.metadata.repository",1383927614557
started,bundle,org.eclipse.equinox.p2.operations,2.0.0.v20100510,"org.eclipse.equinox.p2.operations",1383927614557
started,bundle,org.eclipse.equinox.p2.reconciler.dropins,1.1.0.v20100525,"org.eclipse.equinox.p2.reconciler.dropins",1383927614558
started,bundle,org.eclipse.equinox.p2.repository,2.0.1.R36x_v20100823,"org.eclipse.equinox.p2.repository",1383927614558
started,bundle,org.eclipse.equinox.p2.ui.sdk.scheduler,1.0.0.v20100507-1815,"org.eclipse.equinox.p2.ui.sdk.scheduler",1383927614558
started,bundle,org.eclipse.equinox.p2.updatechecker,1.1.101.R36x_v20100823,"org.eclipse.equinox.p2.updatechecker",1383927614559
started,bundle,org.eclipse.equinox.preferences,3.3.0.v20100503,"org.eclipse.equinox.preferences",1383927614559
started,bundle,org.eclipse.equinox.registry,3.5.0.v20100503,"org.eclipse.equinox.registry",1383927614560
started,bundle,org.eclipse.equinox.security,1.0.200.v20100503,"org.eclipse.equinox.security",1383927614561
started,bundle,org.eclipse.equinox.util,1.0.200.v20100503,"org.eclipse.equinox.util",1383927614561
started,bundle,org.eclipse.help,3.5.0.v20100524,"org.eclipse.help",1383927614562
started,bundle,org.eclipse.jface,3.6.1.M20100825-0800,"org.eclipse.jface",1383927614563
started,bundle,org.eclipse.jsch.core,1.1.200.I20100505-1245,"org.eclipse.jsch.core",1383927614563
started,bundle,org.eclipse.ltk.core.refactoring,3.5.100.v20100526-0800,"org.eclipse.ltk.core.refactoring",1383927614563
started,bundle,org.eclipse.ltk.ui.refactoring,3.5.0.v20100526-0800,"org.eclipse.ltk.ui.refactoring",1383927614564
started,bundle,org.eclipse.mylyn.bugzilla.core,3.4.2.v20100902-0100-e3x,"org.eclipse.mylyn.bugzilla.core",1383927614564
started,bundle,org.eclipse.mylyn.bugzilla.ui,3.4.2.v20100909-0100-e3x,"org.eclipse.mylyn.bugzilla.ui",1383927614565
started,bundle,org.eclipse.mylyn.commons.net,3.4.1.v20100625-2100-e3x,"org.eclipse.mylyn.commons.net",1383927614565
started,bundle,org.eclipse.mylyn.commons.ui,3.4.0.v20100608-0100-e3x,"org.eclipse.mylyn.commons.ui",1383927614565
started,bundle,org.eclipse.mylyn.context.core,3.4.1.v20100909-0100-e3x,"org.eclipse.mylyn.context.core",1383927614566
started,bundle,org.eclipse.mylyn.context.ui,3.4.1.v20100909-0100-e3x,"org.eclipse.mylyn.context.ui",1383927614566
started,bundle,org.eclipse.mylyn.monitor.ui,3.4.0.v20100608-0100-e3x,"org.eclipse.mylyn.monitor.ui",1383927614567
started,bundle,org.eclipse.mylyn.tasks.ui,3.4.2.v20100902-0100-e3x,"org.eclipse.mylyn.tasks.ui",1383927614568
started,bundle,org.eclipse.mylyn.team.ui,3.4.2.v20100909-0100-e3x,"org.eclipse.mylyn.team.ui",1383927614568
started,bundle,org.eclipse.search,3.6.0.v20100520-0800,"org.eclipse.search",1383927614569
started,bundle,org.eclipse.team.core,3.5.100.R36x_v20100825-0800,"org.eclipse.team.core",1383927614569
started,bundle,org.eclipse.team.cvs.core,3.3.300.I20100526-0800,"org.eclipse.team.cvs.core",1383927614570
started,bundle,org.eclipse.team.cvs.ui,3.3.301.R36x_v20100825-0800,"org.eclipse.team.cvs.ui",1383927614571
started,bundle,org.eclipse.team.ui,3.5.101.R36x_v20100825-0800,"org.eclipse.team.ui",1383927614571
started,bundle,org.eclipse.ui,3.6.1.M20100826-1330,"org.eclipse.ui",1383927614572
started,bundle,org.eclipse.ui.console,3.5.0.v20100526,"org.eclipse.ui.console",1383927614573
started,bundle,org.eclipse.ui.editors,3.6.1.r361_v20100825-0800,"org.eclipse.ui.editors",1383927614573
started,bundle,org.eclipse.ui.forms,3.5.2.r36_v20100702,"org.eclipse.ui.forms",1383927614573
started,bundle,org.eclipse.ui.ide,3.6.1.M20100825-0800,"org.eclipse.ui.ide",1383927614574
started,bundle,org.eclipse.ui.navigator,3.5.0.I20100601-0800,"org.eclipse.ui.navigator",1383927614575
started,bundle,org.eclipse.ui.navigator.resources,3.4.201.M20100707-0800,"org.eclipse.ui.navigator.resources",1383927614575
started,bundle,org.eclipse.ui.net,1.2.100.I20100505-1245,"org.eclipse.ui.net",1383927614575
started,bundle,org.eclipse.ui.views,3.5.0.I20100527-0800,"org.eclipse.ui.views",1383927614576
started,bundle,org.eclipse.ui.workbench,3.6.1.M20100826-1330,"org.eclipse.ui.workbench",1383927614576
started,bundle,org.eclipse.ui.workbench.texteditor,3.6.1.r361_v20100714-0800,"org.eclipse.ui.workbench.texteditor",1383927614577
started,bundle,org.eclipse.update.configurator,3.3.100.v20100512,"org.eclipse.update.configurator",1383927614577
started,bundle,org.eclipse.update.core,3.2.402.R36x_v20100629,"org.eclipse.update.core",1383927614579
started,bundle,org.eclipse.update.scheduler,3.2.300.v20100512,"org.eclipse.update.scheduler",1383927614579
started,bundle,com.altera.sbtgui.integration,11.0.0.208,"com.altera.sbtgui.integration",1383927614579
started,bundle,com.altera.sbtgui.launch,11.0.0.208,"com.altera.sbtgui.launch",1383927614580
started,bundle,com.altera.sbtgui.project,11.0.0.208,"com.altera.sbtgui.project",1383927614581
started,bundle,com.altera.systemconsole,11.0.0.208,"com.altera.systemconsole",1383927614581
started,bundle,com.altera.utilities,11.0.0.208,"com.altera.utilities",1383927614581
os,sysinfo,,,"win32",1383927614583
arch,sysinfo,,,"x86",1383927614583
ws,sysinfo,,,"win32",1383927614583
locale,sysinfo,,,"en_US",1383927614583
processors,sysinfo,,,"6",1383927614583
java.runtime.name,sysinfo,,,"Java(TM) SE Runtime Environment",1383927614583
java.runtime.version,sysinfo,,,"1.6.0_23-b05",1383927614583
java.specification.name,sysinfo,,,"Java Platform API Specification",1383927614583
java.specification.vendor,sysinfo,,,"Sun Microsystems Inc.",1383927614583
java.specification.version,sysinfo,,,"1.6",1383927614583
java.vendor,sysinfo,,,"Sun Microsystems Inc.",1383927614583
java.version,sysinfo,,,"1.6.0_23",1383927614583
java.vm.info,sysinfo,,,"mixed mode",1383927614583
java.vm.name,sysinfo,,,"Java HotSpot(TM) Client VM",1383927614583
java.vm.specification.name,sysinfo,,,"Java Virtual Machine Specification",1383927614583
java.vm.specification.vendor,sysinfo,,,"Sun Microsystems Inc.",1383927614583
java.vm.specification.version,sysinfo,,,"1.0",1383927614583
java.vm.vendor,sysinfo,,,"Sun Microsystems Inc.",1383927614583
java.vm.version,sysinfo,,,"19.0-b09",1383927614583
error,log,,,"Unable to create editor ID org.eclipse.cdt.ui.editor.CEditor: Project: OSThread is closed or inaccessible!",1383927630562
opened,editor,org.eclipse.cdt.ui,5.2.1.201009141542,"org.eclipse.cdt.ui.editor.CEditor",1383927630567
opened,editor,org.eclipse.cdt.ui,5.2.1.201009141542,"org.eclipse.cdt.ui.editor.CEditor",1383927630568
activated,editor,org.eclipse.cdt.ui,5.2.1.201009141542,"org.eclipse.cdt.ui.editor.CEditor",1383927630572
closed,editor,org.eclipse.cdt.ui,5.2.1.201009141542,"org.eclipse.cdt.ui.editor.CEditor",1383927630573
error,log,,,"Error",1383927630983
started,bundle,org.eclipse.compare.core,3.5.100.I20100526-0800,"org.eclipse.compare.core",1383927631274
opened,editor,org.eclipse.cdt.ui,5.2.1.201009141542,"org.eclipse.cdt.ui.editor.asm.AsmEditor",1383927631285
activated,editor,org.eclipse.cdt.ui,5.2.1.201009141542,"org.eclipse.cdt.ui.editor.asm.AsmEditor",1383927631367
closed,editor,org.eclipse.cdt.ui,5.2.1.201009141542,"org.eclipse.cdt.ui.editor.CEditor",1383927631367
activated,view,org.eclipse.ui.navigator.resources,3.4.201.M20100707-0800,"org.eclipse.ui.navigator.ProjectExplorer",1383927632446
closed,editor,org.eclipse.cdt.ui,5.2.1.201009141542,"org.eclipse.cdt.ui.editor.asm.AsmEditor",1383927632446
started,bundle,com.altera.sbtgui.core,11.0.0.208,"com.altera.sbtgui.core",1383927634508
started,bundle,org.eclipse.compare,3.5.100.I20100526-0800,"org.eclipse.compare",1383927634574
deactivated,workbench,org.eclipse.ui.workbench,3.6.1.M20100826-1330,"",1383927636500
activated,workbench,org.eclipse.ui.workbench,3.6.1.M20100826-1330,"",1383927637006
executed,command,org.eclipse.ltk.ui.refactoring,3.5.0.v20100526-0800,"org.eclipse.ltk.ui.refactoring.commands.deleteResources",1383927637011
executed,command,org.eclipse.ui,3.6.1.M20100826-1330,"org.eclipse.ui.edit.delete",1383927637011
deactivated,workbench,org.eclipse.ui.workbench,3.6.1.M20100826-1330,"",1383927640126
activated,workbench,org.eclipse.ui.workbench,3.6.1.M20100826-1330,"",1383927651728
executed,command,org.eclipse.ui,3.6.1.M20100826-1330,"org.eclipse.ui.file.import",1383927651735
started,bundle,org.eclipse.core.variables,3.2.400.v20100505,"org.eclipse.core.variables",1383927652146
started,bundle,org.eclipse.cdt.managedbuilder.gnu.ui,7.0.0.201009141542,"org.eclipse.cdt.managedbuilder.gnu.ui",1383927652189
opened,view,org.eclipse.ui.console,3.5.0.v20100526,"org.eclipse.ui.console.ConsoleView",1383927653579
deactivated,workbench,org.eclipse.ui.workbench,3.6.1.M20100826-1330,"",1383927653599
started,bundle,org.eclipse.cdt.dsf.gdb.ui,2.1.0.201009141542,"org.eclipse.cdt.dsf.gdb.ui",1383927653656
started,bundle,org.eclipse.debug.ui,3.6.1.v20100901_r361,"org.eclipse.debug.ui",1383927653701
activated,workbench,org.eclipse.ui.workbench,3.6.1.M20100826-1330,"",1383927658636
executed,command,com.altera.sbtgui.project,11.0.0.208,"com.altera.sbtgui.project.commands.quartus",1383927659993
deactivated,workbench,org.eclipse.ui.workbench,3.6.1.M20100826-1330,"",1383927662713
activated,workbench,org.eclipse.ui.workbench,3.6.1.M20100826-1330,"",1383927680182
opened,editor,org.eclipse.cdt.ui,5.2.1.201009141542,"org.eclipse.cdt.ui.editor.CEditor",1383927685332
started,bundle,org.eclipse.cdt.debug.core,7.0.0.201009141542,"org.eclipse.cdt.debug.core",1383927685424
started,bundle,org.eclipse.cdt.debug.ui,7.0.0.201009141542,"org.eclipse.cdt.debug.ui",1383927685429
activated,editor,org.eclipse.cdt.ui,5.2.1.201009141542,"org.eclipse.cdt.ui.editor.CEditor",1383927685431
activated,view,org.eclipse.ui.navigator.resources,3.4.201.M20100707-0800,"org.eclipse.ui.navigator.ProjectExplorer",1383927685456
opened,editor,org.eclipse.cdt.ui,5.2.1.201009141542,"org.eclipse.cdt.ui.editor.asm.AsmEditor",1383927685591
activated,editor,org.eclipse.cdt.ui,5.2.1.201009141542,"org.eclipse.cdt.ui.editor.asm.AsmEditor",1383927685626
activated,editor,org.eclipse.cdt.ui,5.2.1.201009141542,"org.eclipse.cdt.ui.editor.CEditor",1383927687707
activated,view,org.eclipse.ui.navigator.resources,3.4.201.M20100707-0800,"org.eclipse.ui.navigator.ProjectExplorer",1383927690285
opened,editor,org.eclipse.cdt.ui,5.2.1.201009141542,"org.eclipse.cdt.ui.editor.CEditor",1383927690484
activated,editor,org.eclipse.cdt.ui,5.2.1.201009141542,"org.eclipse.cdt.ui.editor.CEditor",1383927690520
activated,editor,org.eclipse.cdt.ui,5.2.1.201009141542,"org.eclipse.cdt.ui.editor.CEditor",1383927693294
executed,command,org.eclipse.ui.ide,3.6.1.M20100825-0800,"org.eclipse.ui.project.buildAll",1383927698794
deactivated,workbench,org.eclipse.ui.workbench,3.6.1.M20100826-1330,"",1383927699091
activated,workbench,org.eclipse.ui.workbench,3.6.1.M20100826-1330,"",1383927707016
executed,command,org.eclipse.ui,3.6.1.M20100826-1330,"org.eclipse.ui.file.save",1383927723892
activated,editor,org.eclipse.cdt.ui,5.2.1.201009141542,"org.eclipse.cdt.ui.editor.CEditor",1383927725779
activated,editor,org.eclipse.cdt.ui,5.2.1.201009141542,"org.eclipse.cdt.ui.editor.CEditor",1383927735044
executed,command,org.eclipse.ui.ide,3.6.1.M20100825-0800,"org.eclipse.ui.project.buildAll",1383927736244
deactivated,workbench,org.eclipse.ui.workbench,3.6.1.M20100826-1330,"",1383927736510
activated,workbench,org.eclipse.ui.workbench,3.6.1.M20100826-1330,"",1383927747444
deactivated,workbench,org.eclipse.ui.workbench,3.6.1.M20100826-1330,"",1383927747454
activated,workbench,org.eclipse.ui.workbench,3.6.1.M20100826-1330,"",1383927749255
started,bundle,org.eclipse.cdt.launch,6.1.0.201009141542,"org.eclipse.cdt.launch",1383927751870
started,bundle,com.altera.debug.cdi.gdb.plugin,11.0.0.208,"com.altera.debug.cdi.gdb.plugin",1383927754033
deactivated,workbench,org.eclipse.ui.workbench,3.6.1.M20100826-1330,"",1383927754157
activated,workbench,org.eclipse.ui.workbench,3.6.1.M20100826-1330,"",1383927763395
started,bundle,org.eclipse.cdt.dsf,2.1.0.201009141542,"org.eclipse.cdt.dsf",1383927766817
started,bundle,org.eclipse.cdt.dsf.gdb,3.0.0.201009141542,"org.eclipse.cdt.dsf.gdb",1383927766817
started,bundle,org.eclipse.cdt.dsf.ui,2.1.1.201009141542,"org.eclipse.cdt.dsf.ui",1383927767819
opened,view,org.eclipse.debug.ui,3.6.1.v20100901_r361,"org.eclipse.debug.ui.DebugView",1383927767869
opened,view,org.eclipse.debug.ui,3.6.1.v20100901_r361,"org.eclipse.debug.ui.BreakpointView",1383927767958
opened,view,org.eclipse.cdt.dsf.ui,2.1.1.201009141542,"org.eclipse.cdt.dsf.debug.ui.disassembly.view",1383927768041
activated,perspective,com.altera.sbtgui.ui,,"com.altera.sbtgui.ui.debugPerspective",1383927768082
executed,command,org.eclipse.ui,3.6.1.M20100826-1330,"org.eclipse.ui.perspectives.showPerspective",1383927768093
executed,command,,,"com.altera.sbtgui.ui.debugPerspective",1383927768093
opened,view,com.altera.sbtgui.launch,11.0.0.208,"com.altera.sbtgui.launch.hardware.ByteStreamConsoleView",1383927769115
started,bundle,org.eclipse.cdt.debug.mi.ui,6.1.0.201009141542,"org.eclipse.cdt.debug.mi.ui",1383927769359
started,bundle,org.eclipse.cdt.debug.mi.core,7.0.1.201009141542,"org.eclipse.cdt.debug.mi.core",1383927769368
executed,command,,,"AUTOGEN:::org.eclipse.cdt.debug.ui.CEditor.BreakpointRulerActions/org.eclipse.cdt.debug.ui.CEditor.RulerTobbleBreakpointAction",1383927771851
activated,view,org.eclipse.cdt.dsf.ui,2.1.1.201009141542,"org.eclipse.cdt.dsf.debug.ui.disassembly.view",1383927783861
activated,editor,org.eclipse.cdt.ui,5.2.1.201009141542,"org.eclipse.cdt.ui.editor.CEditor",1383927840686
activated,editor,org.eclipse.cdt.ui,5.2.1.201009141542,"org.eclipse.cdt.ui.editor.CEditor",1383927842935
deactivated,workbench,org.eclipse.ui.workbench,3.6.1.M20100826-1330,"",1383927856746
activated,workbench,org.eclipse.ui.workbench,3.6.1.M20100826-1330,"",1383927902339
started,bundle,org.eclipse.cdt.mylyn.ui,1.1.3.v20100909-0100-e3x,"org.eclipse.cdt.mylyn.ui",1383927915236
executed,command,org.eclipse.ui,3.6.1.M20100826-1330,"org.eclipse.ui.edit.delete",1383927961825
executed,command,org.eclipse.ui,3.6.1.M20100826-1330,"org.eclipse.ui.file.save",1383927999514
activated,view,org.eclipse.cdt.dsf.ui,2.1.1.201009141542,"org.eclipse.cdt.dsf.debug.ui.disassembly.view",1383928055915
activated,editor,org.eclipse.cdt.ui,5.2.1.201009141542,"org.eclipse.cdt.ui.editor.CEditor",1383928063031
activated,view,org.eclipse.cdt.dsf.ui,2.1.1.201009141542,"org.eclipse.cdt.dsf.debug.ui.disassembly.view",1383928065942
activated,editor,org.eclipse.cdt.ui,5.2.1.201009141542,"org.eclipse.cdt.ui.editor.CEditor",1383928077683
executed,command,org.eclipse.ui,3.6.1.M20100826-1330,"org.eclipse.ui.edit.delete",1383928142894
executed,command,org.eclipse.ui,3.6.1.M20100826-1330,"org.eclipse.ui.file.save",1383928153582
executed,command,org.eclipse.ui.ide,3.6.1.M20100825-0800,"org.eclipse.ui.project.buildAll",1383928158704
deactivated,workbench,org.eclipse.ui.workbench,3.6.1.M20100826-1330,"",1383928158977
activated,workbench,org.eclipse.ui.workbench,3.6.1.M20100826-1330,"",1383928163361
executed,command,org.eclipse.ui,3.6.1.M20100826-1330,"org.eclipse.ui.edit.delete",1383928168998
executed,command,org.eclipse.ui,3.6.1.M20100826-1330,"org.eclipse.ui.file.save",1383928171071
executed,command,org.eclipse.ui,3.6.1.M20100826-1330,"org.eclipse.ui.file.save",1383928178030
executed,command,org.eclipse.ui,3.6.1.M20100826-1330,"org.eclipse.ui.edit.delete",1383928181234
executed,command,org.eclipse.ui,3.6.1.M20100826-1330,"org.eclipse.ui.edit.delete",1383928183154
executed,command,org.eclipse.ui,3.6.1.M20100826-1330,"org.eclipse.ui.edit.delete",1383928183342
executed,command,org.eclipse.ui,3.6.1.M20100826-1330,"org.eclipse.ui.edit.delete",1383928183534
executed,command,org.eclipse.ui,3.6.1.M20100826-1330,"org.eclipse.ui.edit.delete",1383928183906
executed,command,org.eclipse.ui,3.6.1.M20100826-1330,"org.eclipse.ui.edit.delete",1383928184290
executed,command,org.eclipse.ui,3.6.1.M20100826-1330,"org.eclipse.ui.edit.delete",1383928184498
executed,command,org.eclipse.ui,3.6.1.M20100826-1330,"org.eclipse.ui.edit.delete",1383928184678
executed,command,org.eclipse.ui,3.6.1.M20100826-1330,"org.eclipse.ui.edit.delete",1383928184854
executed,command,org.eclipse.ui,3.6.1.M20100826-1330,"org.eclipse.ui.file.save",1383928185934
executed,command,org.eclipse.ui.ide,3.6.1.M20100825-0800,"org.eclipse.ui.project.buildAll",1383928186995
